iter	Logloss
0	0.6731678441
5	0.6085753761
10	0.5739732827
15	0.5503935522
20	0.5360681619
25	0.5254371692
30	0.517021218
35	0.511963943
40	0.5078313645
45	0.5035209903
50	0.5010497387
55	0.4994028878
60	0.4976542173
65	0.4964230562
70	0.4954798304
75	0.4946658829
80	0.4940823629
85	0.4934465464
90	0.4928852738
95	0.4925894148
100	0.4921753402
105	0.4918060955
110	0.4915268153
115	0.4910650765
120	0.4908300472
